Label,x_coord,y_coord,z_coord
Vehicle,2.2901053,-0.88201815,-0.07181201
Person,4.9219437,-0.80293894,0.42875883
Vehicle,1.9815788,-0.8313624,-0.16345477
