Label,x_coord,y_coord,z_coord
Person,2.0758724,-2.0154376,0.2179837
Vehicle,2.2212298,-0.83863986,-0.26421106
Vehicle,1.908432,-0.86073995,-0.2370074
